codigo_radio,partido_id,partido_nombre,fraccion,radio,localidad,latitud,longitud,poblacion_viviendas_particulares,pob_obra_social_prepaga,pob_planes_estatales,pob_sin_cobertura_exclusivo_publico,pct_obra_social_prepaga,pct_planes_estatales,pct_sin_cobertura_exclusivo_publico,pob_jubilados_pensionados,pct_jubilados_pensionados,prioridad_sanitaria_caps
068400701,06840,Tres de Febrero,07,01,Caseros,-34.608007,-58.55789,905,690,9,206,76.24,0.99,22.76,271,29.52,Baja Demanda Pública (Prioridad 3)
068400102,06840,Tres de Febrero,01,02,Caseros,-34.609307,-58.559938,794,576,6,212,72.54,0.76,26.7,150,18.63,Demanda Media (Prioridad 2)
068400203,06840,Tres de Febrero,02,03,Caseros,-34.620429,-58.562565,1114,880,24,210,78.99,2.15,18.85,292,25.84,Baja Demanda Pública (Prioridad 3)
068400804,06840,Tres de Febrero,08,04,Caseros,-34.607799,-58.57232,1080,788,20,272,72.96,1.85,25.19,203,18.54,Baja Demanda Pública (Prioridad 3)
068400205,06840,Tres de Febrero,02,05,Caseros,-34.60101,-58.560414,915,664,20,231,72.57,2.19,25.25,225,24.22,Baja Demanda Pública (Prioridad 3)
068400506,06840,Tres de Febrero,05,06,Caseros,-34.597097,-58.571855,1269,909,12,348,71.63,0.95,27.42,261,20.26,Demanda Media (Prioridad 2)
068400507,06840,Tres de Febrero,05,07,Caseros,-34.600981,-58.554542,1017,822,16,179,80.83,1.57,17.6,265,25.68,Baja Demanda Pública (Prioridad 3)
068400708,06840,Tres de Febrero,07,08,Caseros,-34.608968,-58.562242,1049,832,20,197,79.31,1.91,18.78,230,21.6,Baja Demanda Pública (Prioridad 3)
068400209,06840,Tres de Febrero,02,09,Caseros,-34.594199,-58.561499,1262,987,22,253,78.21,1.74,20.05,275,21.47,Baja Demanda Pública (Prioridad 3)
068400310,06840,Tres de Febrero,03,10,Caseros,-34.60019,-58.561497,707,527,11,169,74.54,1.56,23.9,116,16.16,Baja Demanda Pública (Prioridad 3)
068400711,06840,Tres de Febrero,07,11,Caseros,-34.62365,-58.553551,886,637,11,238,71.9,1.24,26.86,195,21.69,Demanda Media (Prioridad 2)
068400612,06840,Tres de Febrero,06,12,Caseros,-34.611907,-58.561525,986,785,26,175,79.61,2.64,17.75,245,24.48,Baja Demanda Pública (Prioridad 3)
068400113,06840,Tres de Febrero,01,13,Caseros,-34.59813,-58.562828,909,620,21,268,68.21,2.31,29.48,200,21.67,Demanda Media (Prioridad 2)
068400114,06840,Tres de Febrero,01,14,Caseros,-34.594594,-58.557002,980,716,21,243,73.06,2.14,24.8,239,24.02,Baja Demanda Pública (Prioridad 3)
068400715,06840,Tres de Febrero,07,15,Caseros,-34.606926,-58.574791,1045,752,26,267,71.96,2.49,25.55,175,16.49,Baja Demanda Pública (Prioridad 3)
068400201,06840,Tres de Febrero,02,01,Caseros,-34.602374,-58.566281,578,447,4,127,77.34,0.69,21.97,104,17.72,Baja Demanda Pública (Prioridad 3)
068400102,06840,Tres de Febrero,01,02,Caseros,-34.599479,-58.565672,1389,1073,25,291,77.25,1.8,20.95,336,23.83,Baja Demanda Pública (Prioridad 3)
068400203,06840,Tres de Febrero,02,03,Caseros,-34.601309,-58.574678,906,685,20,201,75.61,2.21,22.19,202,21.96,Baja Demanda Pública (Prioridad 3)
068400504,06840,Tres de Febrero,05,04,Caseros,-34.599941,-58.558269,858,616,18,224,71.79,2.1,26.11,147,16.88,Baja Demanda Pública (Prioridad 3)
068400705,06840,Tres de Febrero,07,05,Caseros,-34.603796,-58.548108,1004,756,19,229,75.3,1.89,22.81,172,16.88,Baja Demanda Pública (Prioridad 3)
068400406,06840,Tres de Febrero,04,06,Caseros,-34.58671,-58.556736,718,559,18,141,77.86,2.51,19.64,146,20.03,Baja Demanda Pública (Prioridad 3)
068400207,06840,Tres de Febrero,02,07,Caseros,-34.596156,-58.562457,976,748,16,212,76.64,1.64,21.72,243,24.52,Baja Demanda Pública (Prioridad 3)
068400308,06840,Tres de Febrero,03,08,Caseros,-34.601288,-58.560459,1111,828,17,266,74.53,1.53,23.94,208,18.44,Baja Demanda Pública (Prioridad 3)
068400109,06840,Tres de Febrero,01,09,Caseros,-34.599116,-58.569423,684,508,21,155,74.27,3.07,22.66,118,17.0,Baja Demanda Pública (Prioridad 3)
068400110,06840,Tres de Febrero,01,10,Caseros,-34.583674,-58.562542,1041,775,12,254,74.45,1.15,24.4,238,22.52,Baja Demanda Pública (Prioridad 3)
068400211,06840,Tres de Febrero,02,11,Caseros,-34.59208,-58.56704,456,303,9,144,66.45,1.97,31.58,96,20.73,Demanda Media (Prioridad 2)
068400712,06840,Tres de Febrero,07,12,Caseros,-34.612121,-58.56567,666,493,8,165,74.02,1.2,24.77,124,18.34,Baja Demanda Pública (Prioridad 3)
068400213,06840,Tres de Febrero,02,13,Caseros,-34.608982,-58.573697,961,655,20,286,68.16,2.08,29.76,246,25.23,Demanda Media (Prioridad 2)
068400714,06840,Tres de Febrero,07,14,Caseros,-34.606634,-58.564438,817,641,13,163,78.46,1.59,19.95,161,19.42,Baja Demanda Pública (Prioridad 3)
068400715,06840,Tres de Febrero,07,15,Caseros,-34.613885,-58.56333,685,501,10,174,73.14,1.46,25.4,133,19.14,Baja Demanda Pública (Prioridad 3)
068400301,06840,Tres de Febrero,03,01,Caseros,-34.601949,-58.554774,985,719,17,249,72.99,1.73,25.28,214,21.4,Baja Demanda Pública (Prioridad 3)
068400502,06840,Tres de Febrero,05,02,Caseros,-34.603839,-58.576324,1349,1035,27,287,76.72,2.0,21.28,364,26.59,Baja Demanda Pública (Prioridad 3)
068400603,06840,Tres de Febrero,06,03,Caseros,-34.603281,-58.542058,1237,846,23,368,68.39,1.86,29.75,247,19.67,Demanda Media (Prioridad 2)
068400104,06840,Tres de Febrero,01,04,Caseros,-34.599749,-58.56819,1033,761,18,254,73.67,1.74,24.59,161,15.35,Baja Demanda Pública (Prioridad 3)
068400605,06840,Tres de Febrero,06,05,Caseros,-34.600964,-58.552925,973,784,17,172,80.58,1.75,17.68,162,16.4,Baja Demanda Pública (Prioridad 3)
068400206,06840,Tres de Febrero,02,06,Caseros,-34.604695,-58.553518,933,718,22,193,76.96,2.36,20.69,213,22.49,Baja Demanda Pública (Prioridad 3)
068400307,06840,Tres de Febrero,03,07,Caseros,-34.598914,-58.577158,905,644,15,246,71.16,1.66,27.18,229,24.92,Demanda Media (Prioridad 2)
068400108,06840,Tres de Febrero,01,08,Caseros,-34.599822,-58.560699,1495,1076,29,390,71.97,1.94,26.09,334,22.02,Demanda Media (Prioridad 2)
068400509,06840,Tres de Febrero,05,09,Caseros,-34.603512,-58.557474,963,708,15,240,73.52,1.56,24.92,194,19.86,Baja Demanda Pública (Prioridad 3)
068400110,06840,Tres de Febrero,01,10,Caseros,-34.610161,-58.566494,1144,853,22,269,74.56,1.92,23.51,227,19.55,Baja Demanda Pública (Prioridad 3)
068400711,06840,Tres de Febrero,07,11,Caseros,-34.602152,-58.568705,660,485,12,163,73.48,1.82,24.7,124,18.51,Baja Demanda Pública (Prioridad 3)
068400112,06840,Tres de Febrero,01,12,Caseros,-34.595482,-58.56119,559,421,12,126,75.31,2.15,22.54,122,21.52,Baja Demanda Pública (Prioridad 3)
068400213,06840,Tres de Febrero,02,13,Caseros,-34.604805,-58.557449,631,461,6,164,73.06,0.95,25.99,126,19.69,Baja Demanda Pública (Prioridad 3)
068400314,06840,Tres de Febrero,03,14,Caseros,-34.607282,-58.570317,522,385,6,131,73.75,1.15,25.1,114,21.51,Baja Demanda Pública (Prioridad 3)
068400515,06840,Tres de Febrero,05,15,Caseros,-34.605703,-58.560744,616,469,9,138,76.14,1.46,22.4,151,24.16,Baja Demanda Pública (Prioridad 3)
068400701,06840,Tres de Febrero,07,01,Caseros,-34.593277,-58.56015,818,554,20,244,67.73,2.44,29.83,204,24.58,Demanda Media (Prioridad 2)
068400402,06840,Tres de Febrero,04,02,Caseros,-34.607838,-58.569015,738,522,11,205,70.73,1.49,27.78,162,21.63,Demanda Media (Prioridad 2)
068400403,06840,Tres de Febrero,04,03,Caseros,-34.609913,-58.554305,893,722,19,152,80.85,2.13,17.02,195,21.52,Baja Demanda Pública (Prioridad 3)
068400204,06840,Tres de Febrero,02,04,Caseros,-34.603288,-58.561902,957,704,18,235,73.56,1.88,24.56,230,23.69,Baja Demanda Pública (Prioridad 3)
068400205,06840,Tres de Febrero,02,05,Caseros,-34.605462,-58.542236,897,643,13,241,71.68,1.45,26.87,174,19.1,Baja Demanda Pública (Prioridad 3)
068400306,06840,Tres de Febrero,03,06,Caseros,-34.587023,-58.568262,795,607,17,171,76.35,2.14,21.51,177,21.93,Baja Demanda Pública (Prioridad 3)
068400307,06840,Tres de Febrero,03,07,Caseros,-34.616011,-58.572074,795,607,6,182,76.35,0.75,22.89,161,19.95,Baja Demanda Pública (Prioridad 3)
068400708,06840,Tres de Febrero,07,08,Caseros,-34.596933,-58.549618,845,630,18,197,74.56,2.13,23.31,195,22.73,Baja Demanda Pública (Prioridad 3)
068400409,06840,Tres de Febrero,04,09,Caseros,-34.611427,-58.556963,1065,817,22,226,76.71,2.07,21.22,190,17.58,Baja Demanda Pública (Prioridad 3)
068400210,06840,Tres de Febrero,02,10,Caseros,-34.60494,-58.572531,948,677,26,245,71.41,2.74,25.84,246,25.57,Baja Demanda Pública (Prioridad 3)
068400511,06840,Tres de Febrero,05,11,Caseros,-34.610641,-58.561684,994,738,12,244,74.25,1.21,24.55,195,19.33,Baja Demanda Pública (Prioridad 3)
068400812,06840,Tres de Febrero,08,12,Caseros,-34.600281,-58.565471,1207,907,26,274,75.14,2.15,22.7,270,22.04,Baja Demanda Pública (Prioridad 3)
068400413,06840,Tres de Febrero,04,13,Caseros,-34.601574,-58.56007,1387,998,23,366,71.95,1.66,26.39,319,22.66,Demanda Media (Prioridad 2)
068400214,06840,Tres de Febrero,02,14,Caseros,-34.608344,-58.572425,632,454,12,166,71.84,1.9,26.27,101,15.73,Baja Demanda Pública (Prioridad 3)
068400415,06840,Tres de Febrero,04,15,Caseros,-34.595622,-58.547456,656,474,10,172,72.26,1.52,26.22,159,23.87,Baja Demanda Pública (Prioridad 3)
068400801,06840,Tres de Febrero,08,01,Caseros,-34.614873,-58.568582,448,278,9,161,62.05,2.01,35.94,102,22.42,Demanda Media (Prioridad 2)
068400502,06840,Tres de Febrero,05,02,Caseros,-34.611815,-58.563324,1053,799,22,232,75.88,2.09,22.03,180,16.84,Baja Demanda Pública (Prioridad 3)
068400103,06840,Tres de Febrero,01,03,Caseros,-34.601744,-58.560306,933,660,10,263,70.74,1.07,28.19,257,27.14,Demanda Media (Prioridad 2)
068400804,06840,Tres de Febrero,08,04,Caseros,-34.604913,-58.555188,1042,759,15,268,72.84,1.44,25.72,218,20.6,Baja Demanda Pública (Prioridad 3)
068400405,06840,Tres de Febrero,04,05,Caseros,-34.593481,-58.559658,927,737,27,163,79.5,2.91,17.58,212,22.53,Baja Demanda Pública (Prioridad 3)
068400806,06840,Tres de Febrero,08,06,Caseros,-34.61734,-58.57221,734,461,11,262,62.81,1.5,35.69,152,20.4,Demanda Media (Prioridad 2)
068400107,06840,Tres de Febrero,01,07,Caseros,-34.601682,-58.558078,1052,798,31,223,75.86,2.95,21.2,207,19.38,Baja Demanda Pública (Prioridad 3)
068400108,06840,Tres de Febrero,01,08,Caseros,-34.603964,-58.563867,866,651,17,198,75.17,1.96,22.86,171,19.45,Baja Demanda Pública (Prioridad 3)
068400609,06840,Tres de Febrero,06,09,Caseros,-34.606256,-58.572537,1093,831,23,239,76.03,2.1,21.87,272,24.53,Baja Demanda Pública (Prioridad 3)
068400710,06840,Tres de Febrero,07,10,Caseros,-34.587858,-58.554828,915,651,15,249,71.15,1.64,27.21,172,18.51,Demanda Media (Prioridad 2)
068400211,06840,Tres de Febrero,02,11,Caseros,-34.601256,-58.55191,687,517,14,156,75.25,2.04,22.71,160,22.96,Baja Demanda Pública (Prioridad 3)
068400612,06840,Tres de Febrero,06,12,Caseros,-34.603542,-58.552085,1066,741,17,308,69.51,1.59,28.89,260,24.03,Demanda Media (Prioridad 2)
068400313,06840,Tres de Febrero,03,13,Caseros,-34.613875,-58.568416,1109,818,30,261,73.76,2.71,23.53,261,23.18,Baja Demanda Pública (Prioridad 3)
068400514,06840,Tres de Febrero,05,14,Caseros,-34.585268,-58.561031,982,704,21,257,71.69,2.14,26.17,220,22.07,Baja Demanda Pública (Prioridad 3)
068400815,06840,Tres de Febrero,08,15,Caseros,-34.600974,-58.555813,974,693,17,264,71.15,1.75,27.1,229,23.15,Demanda Media (Prioridad 2)
068400401,06840,Tres de Febrero,04,01,Caseros,-34.596671,-58.554174,1140,815,22,303,71.49,1.93,26.58,314,27.14,Demanda Media (Prioridad 2)
068400102,06840,Tres de Febrero,01,02,Caseros,-34.600433,-58.551824,857,617,17,223,72.0,1.98,26.02,183,21.03,Baja Demanda Pública (Prioridad 3)
068400603,06840,Tres de Febrero,06,03,Caseros,-34.599932,-58.56696,835,618,15,202,74.01,1.8,24.19,164,19.34,Baja Demanda Pública (Prioridad 3)
068400504,06840,Tres de Febrero,05,04,Caseros,-34.600802,-58.562319,778,582,18,178,74.81,2.31,22.88,205,25.95,Baja Demanda Pública (Prioridad 3)
068400805,06840,Tres de Febrero,08,05,Caseros,-34.606562,-58.557653,844,574,23,247,68.01,2.73,29.27,159,18.55,Demanda Media (Prioridad 2)
068400406,06840,Tres de Febrero,04,06,Caseros,-34.609375,-58.569125,761,600,13,148,78.84,1.71,19.45,158,20.47,Baja Demanda Pública (Prioridad 3)
068400507,06840,Tres de Febrero,05,07,Caseros,-34.609479,-58.584552,1106,909,20,177,82.19,1.81,16.0,256,22.8,Baja Demanda Pública (Prioridad 3)
068400108,06840,Tres de Febrero,01,08,Caseros,-34.604558,-58.550816,940,704,16,220,74.89,1.7,23.4,231,24.21,Baja Demanda Pública (Prioridad 3)
068400509,06840,Tres de Febrero,05,09,Caseros,-34.601773,-58.549061,833,599,6,228,71.91,0.72,27.37,179,21.16,Demanda Media (Prioridad 2)
068400510,06840,Tres de Febrero,05,10,Caseros,-34.61009,-58.55375,1174,824,16,334,70.19,1.36,28.45,293,24.58,Demanda Media (Prioridad 2)
068400611,06840,Tres de Febrero,06,11,Caseros,-34.603442,-58.56878,1089,821,25,243,75.39,2.3,22.31,264,23.89,Baja Demanda Pública (Prioridad 3)
068400812,06840,Tres de Febrero,08,12,Caseros,-34.605174,-58.569302,1108,854,18,236,77.08,1.62,21.3,187,16.62,Baja Demanda Pública (Prioridad 3)
068400113,06840,Tres de Febrero,01,13,Caseros,-34.612657,-58.5649,725,541,8,176,74.62,1.1,24.28,178,24.18,Baja Demanda Pública (Prioridad 3)
068400414,06840,Tres de Febrero,04,14,Caseros,-34.598245,-58.553749,628,449,10,169,71.5,1.59,26.91,129,20.25,Baja Demanda Pública (Prioridad 3)
068400215,06840,Tres de Febrero,02,15,Caseros,-34.610898,-58.543626,853,688,7,158,80.66,0.82,18.52,225,25.98,Baja Demanda Pública (Prioridad 3)
068400801,06840,Tres de Febrero,08,01,Caseros,-34.607544,-58.544427,499,408,8,83,81.76,1.6,16.63,120,23.72,Baja Demanda Pública (Prioridad 3)
068400602,06840,Tres de Febrero,06,02,Caseros,-34.595742,-58.559268,977,742,15,220,75.95,1.54,22.52,211,21.27,Baja Demanda Pública (Prioridad 3)
068400103,06840,Tres de Febrero,01,03,Caseros,-34.598122,-58.570477,1114,796,20,298,71.45,1.8,26.75,225,19.89,Demanda Media (Prioridad 2)
068400604,06840,Tres de Febrero,06,04,Caseros,-34.597707,-58.558249,870,638,9,223,73.33,1.03,25.63,237,26.84,Baja Demanda Pública (Prioridad 3)
068400205,06840,Tres de Febrero,02,05,Caseros,-34.60723,-58.565064,499,339,14,146,67.94,2.81,29.26,112,22.09,Demanda Media (Prioridad 2)
068400506,06840,Tres de Febrero,05,06,Caseros,-34.590451,-58.557763,962,749,17,196,77.86,1.77,20.37,194,19.88,Baja Demanda Pública (Prioridad 3)
068400207,06840,Tres de Febrero,02,07,Caseros,-34.611405,-58.555077,927,655,18,254,70.66,1.94,27.4,212,22.53,Demanda Media (Prioridad 2)
068400508,06840,Tres de Febrero,05,08,Caseros,-34.611889,-58.549908,955,684,26,245,71.62,2.72,25.65,227,23.43,Baja Demanda Pública (Prioridad 3)
068400209,06840,Tres de Febrero,02,09,Caseros,-34.600321,-58.558092,1054,839,17,198,79.6,1.61,18.79,257,24.02,Baja Demanda Pública (Prioridad 3)
068400610,06840,Tres de Febrero,06,10,Caseros,-34.612009,-58.556259,811,567,17,227,69.91,2.1,27.99,195,23.69,Demanda Media (Prioridad 2)
068400711,06840,Tres de Febrero,07,11,Caseros,-34.600466,-58.5692,1113,808,20,285,72.6,1.8,25.61,174,15.4,Baja Demanda Pública (Prioridad 3)
068401301,06840,Tres de Febrero,13,01,Ciudadela,-34.619256,-58.54446,1000,652,23,325,65.2,2.3,32.5,174,17.14,Demanda Media (Prioridad 2)
068401302,06840,Tres de Febrero,13,02,Ciudadela,-34.631813,-58.54193,588,361,13,214,61.39,2.21,36.39,118,19.77,Demanda Media (Prioridad 2)
068400903,06840,Tres de Febrero,09,03,Ciudadela,-34.625873,-58.53721,1386,971,39,376,70.06,2.81,27.13,303,21.54,Demanda Media (Prioridad 2)
068401104,06840,Tres de Febrero,11,04,Ciudadela,-34.632027,-58.542007,815,514,22,279,63.07,2.7,34.23,123,14.87,Demanda Media (Prioridad 2)
068401005,06840,Tres de Febrero,10,05,Ciudadela,-34.631633,-58.541228,813,487,21,305,59.9,2.58,37.52,185,22.42,Demanda Media (Prioridad 2)
068401306,06840,Tres de Febrero,13,06,Ciudadela,-34.634009,-58.55123,980,607,28,345,61.94,2.86,35.2,214,21.51,Demanda Media (Prioridad 2)
068401207,06840,Tres de Febrero,12,07,Ciudadela,-34.62565,-58.539781,977,680,21,276,69.6,2.15,28.25,221,22.28,Demanda Media (Prioridad 2)
068400908,06840,Tres de Febrero,09,08,Ciudadela,-34.63967,-58.539735,932,643,21,268,68.99,2.25,28.76,190,20.08,Demanda Media (Prioridad 2)
068401409,06840,Tres de Febrero,14,09,Ciudadela,-34.611173,-58.536059,1119,771,29,319,68.9,2.59,28.51,275,24.21,Demanda Media (Prioridad 2)
068400910,06840,Tres de Febrero,09,10,Ciudadela,-34.626973,-58.538405,872,556,18,298,63.76,2.06,34.17,174,19.66,Demanda Media (Prioridad 2)
068401111,06840,Tres de Febrero,11,11,Ciudadela,-34.630771,-58.534493,1005,645,27,333,64.18,2.69,33.13,196,19.22,Demanda Media (Prioridad 2)
068401312,06840,Tres de Febrero,13,12,Ciudadela,-34.623014,-58.545492,1081,692,34,355,64.01,3.15,32.84,208,18.96,Demanda Media (Prioridad 2)
068401413,06840,Tres de Febrero,14,13,Ciudadela,-34.632599,-58.52695,1187,841,21,325,70.85,1.77,27.38,248,20.58,Demanda Media (Prioridad 2)
068401214,06840,Tres de Febrero,12,14,Ciudadela,-34.620784,-58.539247,862,570,18,274,66.13,2.09,31.79,203,23.2,Demanda Media (Prioridad 2)
068401215,06840,Tres de Febrero,12,15,Ciudadela,-34.636197,-58.519441,895,589,21,285,65.81,2.35,31.84,192,21.15,Demanda Media (Prioridad 2)
068401201,06840,Tres de Febrero,12,01,Ciudadela,-34.633966,-58.534616,1170,858,24,288,73.33,2.05,24.62,304,25.59,Baja Demanda Pública (Prioridad 3)
068401102,06840,Tres de Febrero,11,02,Ciudadela,-34.632957,-58.544478,1039,695,21,323,66.89,2.02,31.09,224,21.23,Demanda Media (Prioridad 2)
068401003,06840,Tres de Febrero,10,03,Ciudadela,-34.63187,-58.534703,1175,759,31,385,64.6,2.64,32.77,224,18.78,Demanda Media (Prioridad 2)
068401204,06840,Tres de Febrero,12,04,Ciudadela,-34.633896,-58.548471,814,592,18,204,72.73,2.21,25.06,152,18.4,Baja Demanda Pública (Prioridad 3)
068400905,06840,Tres de Febrero,09,05,Ciudadela,-34.653787,-58.533233,791,497,16,278,62.83,2.02,35.15,145,18.06,Demanda Media (Prioridad 2)
068401206,06840,Tres de Febrero,12,06,Ciudadela,-34.626206,-58.529284,690,426,17,247,61.74,2.46,35.8,141,20.14,Demanda Media (Prioridad 2)
068401007,06840,Tres de Febrero,10,07,Ciudadela,-34.637824,-58.538218,649,410,16,223,63.17,2.47,34.36,143,21.7,Demanda Media (Prioridad 2)
068401008,06840,Tres de Febrero,10,08,Ciudadela,-34.63251,-58.531058,800,565,20,215,70.62,2.5,26.88,160,19.7,Baja Demanda Pública (Prioridad 3)
068401409,06840,Tres de Febrero,14,09,Ciudadela,-34.620446,-58.544951,784,527,18,239,67.22,2.3,30.48,159,19.97,Demanda Media (Prioridad 2)
068401110,06840,Tres de Febrero,11,10,Ciudadela,-34.626016,-58.534001,1095,751,29,315,68.58,2.65,28.77,214,19.26,Demanda Media (Prioridad 2)
068401311,06840,Tres de Febrero,13,11,Ciudadela,-34.632485,-58.531765,558,362,18,178,64.87,3.23,31.9,130,22.97,Demanda Media (Prioridad 2)
068401412,06840,Tres de Febrero,14,12,Ciudadela,-34.639718,-58.531899,981,649,22,310,66.16,2.24,31.6,216,21.69,Demanda Media (Prioridad 2)
068401413,06840,Tres de Febrero,14,13,Ciudadela,-34.636317,-58.531354,979,678,20,281,69.25,2.04,28.7,198,19.92,Demanda Media (Prioridad 2)
068401214,06840,Tres de Febrero,12,14,Ciudadela,-34.628588,-58.534882,1128,793,21,314,70.3,1.86,27.84,256,22.36,Demanda Media (Prioridad 2)
068401315,06840,Tres de Febrero,13,15,Ciudadela,-34.640161,-58.541516,1078,690,32,356,64.01,2.97,33.02,244,22.3,Demanda Media (Prioridad 2)
068401101,06840,Tres de Febrero,11,01,Ciudadela,-34.635727,-58.532223,1269,954,22,293,75.18,1.73,23.09,291,22.59,Baja Demanda Pública (Prioridad 3)
068401402,06840,Tres de Febrero,14,02,Ciudadela,-34.645508,-58.543031,1104,647,28,429,58.61,2.54,38.86,210,18.73,Demanda Media (Prioridad 2)
068401103,06840,Tres de Febrero,11,03,Ciudadela,-34.624709,-58.528517,732,475,17,240,64.89,2.32,32.79,148,19.92,Demanda Media (Prioridad 2)
068400904,06840,Tres de Febrero,09,04,Ciudadela,-34.618063,-58.531079,602,423,18,161,70.27,2.99,26.74,135,22.09,Baja Demanda Pública (Prioridad 3)
068400905,06840,Tres de Febrero,09,05,Ciudadela,-34.627396,-58.531508,1318,849,30,439,64.42,2.28,33.31,294,21.97,Demanda Media (Prioridad 2)
068400906,06840,Tres de Febrero,09,06,Ciudadela,-34.63984,-58.531959,782,513,22,247,65.6,2.81,31.59,156,19.65,Demanda Media (Prioridad 2)
068401407,06840,Tres de Febrero,14,07,Ciudadela,-34.626726,-58.534307,935,585,31,319,62.57,3.32,34.12,173,18.23,Demanda Media (Prioridad 2)
068401108,06840,Tres de Febrero,11,08,Ciudadela,-34.640939,-58.533921,649,428,9,212,65.95,1.39,32.67,165,25.04,Demanda Media (Prioridad 2)
068401409,06840,Tres de Febrero,14,09,Ciudadela,-34.6161,-58.541919,972,706,9,257,72.63,0.93,26.44,200,20.26,Demanda Media (Prioridad 2)
068401110,06840,Tres de Febrero,11,10,Ciudadela,-34.640268,-58.552198,951,636,24,291,66.88,2.52,30.6,215,22.28,Demanda Media (Prioridad 2)
068400911,06840,Tres de Febrero,09,11,Ciudadela,-34.64276,-58.530975,677,478,13,186,70.61,1.92,27.47,171,24.89,Baja Demanda Pública (Prioridad 3)
068401312,06840,Tres de Febrero,13,12,Ciudadela,-34.635294,-58.534803,963,729,18,216,75.7,1.87,22.43,201,20.57,Baja Demanda Pública (Prioridad 3)
068401313,06840,Tres de Febrero,13,13,Ciudadela,-34.624814,-58.538944,1195,855,28,312,71.55,2.34,26.11,290,23.91,Baja Demanda Pública (Prioridad 3)
068400914,06840,Tres de Febrero,09,14,Ciudadela,-34.625278,-58.53605,904,580,22,302,64.16,2.43,33.41,207,22.55,Demanda Media (Prioridad 2)
068401415,06840,Tres de Febrero,14,15,Ciudadela,-34.626489,-58.539106,871,578,15,278,66.36,1.72,31.92,211,23.87,Demanda Media (Prioridad 2)
068401101,06840,Tres de Febrero,11,01,Ciudadela,-34.642072,-58.533657,716,457,11,248,63.83,1.54,34.64,149,20.5,Demanda Media (Prioridad 2)
068401202,06840,Tres de Febrero,12,02,Ciudadela,-34.629603,-58.532597,708,471,12,225,66.53,1.69,31.78,166,23.09,Demanda Media (Prioridad 2)
068401303,06840,Tres de Febrero,13,03,Ciudadela,-34.623548,-58.54488,823,570,20,233,69.26,2.43,28.31,157,18.8,Demanda Media (Prioridad 2)
068401004,06840,Tres de Febrero,10,04,Ciudadela,-34.632909,-58.549624,1396,1026,32,338,73.5,2.29,24.21,328,23.15,Baja Demanda Pública (Prioridad 3)
068401205,06840,Tres de Febrero,12,05,Ciudadela,-34.628975,-58.53774,873,596,16,261,68.27,1.83,29.9,198,22.35,Demanda Media (Prioridad 2)
068401206,06840,Tres de Febrero,12,06,Ciudadela,-34.635521,-58.535187,591,356,18,217,60.24,3.05,36.72,86,14.33,Demanda Media (Prioridad 2)
068401307,06840,Tres de Febrero,13,07,Ciudadela,-34.632472,-58.518202,1097,593,17,487,54.06,1.55,44.39,191,17.16,Alta Demanda Pública (Prioridad 1)
068401408,06840,Tres de Febrero,14,08,Ciudadela,-34.625925,-58.539793,925,633,16,276,68.43,1.73,29.84,189,20.13,Demanda Media (Prioridad 2)
068401409,06840,Tres de Febrero,14,09,Ciudadela,-34.634925,-58.534079,843,492,16,335,58.36,1.9,39.74,144,16.82,Demanda Media (Prioridad 2)
068401110,06840,Tres de Febrero,11,10,Ciudadela,-34.633166,-58.531332,897,592,23,282,66.0,2.56,31.44,208,22.86,Demanda Media (Prioridad 2)
068401011,06840,Tres de Febrero,10,11,Ciudadela,-34.618963,-58.530793,900,594,17,289,66.0,1.89,32.11,213,23.3,Demanda Media (Prioridad 2)
068401012,06840,Tres de Febrero,10,12,Ciudadela,-34.636161,-58.550299,834,565,21,248,67.75,2.52,29.74,192,22.67,Demanda Media (Prioridad 2)
068401313,06840,Tres de Febrero,13,13,Ciudadela,-34.622163,-58.523224,626,402,13,211,64.22,2.08,33.71,124,19.53,Demanda Media (Prioridad 2)
068401114,06840,Tres de Febrero,11,14,Ciudadela,-34.641969,-58.541683,651,382,19,250,58.68,2.92,38.4,133,20.12,Demanda Media (Prioridad 2)
068401115,06840,Tres de Febrero,11,15,Ciudadela,-34.646325,-58.538281,869,566,18,285,65.13,2.07,32.8,197,22.34,Demanda Media (Prioridad 2)
068401201,06840,Tres de Febrero,12,01,Ciudadela,-34.623179,-58.545821,1097,724,23,350,66.0,2.1,31.91,238,21.38,Demanda Media (Prioridad 2)
068401002,06840,Tres de Febrero,10,02,Ciudadela,-34.62061,-58.544175,1248,882,23,343,70.67,1.84,27.48,248,19.57,Demanda Media (Prioridad 2)
068401403,06840,Tres de Febrero,14,03,Ciudadela,-34.650983,-58.529577,1101,668,30,403,60.67,2.72,36.6,241,21.56,Demanda Media (Prioridad 2)
068401204,06840,Tres de Febrero,12,04,Ciudadela,-34.613535,-58.538529,944,640,23,281,67.8,2.44,29.77,185,19.31,Demanda Media (Prioridad 2)
068401405,06840,Tres de Febrero,14,05,Ciudadela,-34.632858,-58.537211,1029,795,25,209,77.26,2.43,20.31,183,17.53,Baja Demanda Pública (Prioridad 3)
068401106,06840,Tres de Febrero,11,06,Ciudadela,-34.644582,-58.535761,1416,1060,31,325,74.86,2.19,22.95,296,20.6,Baja Demanda Pública (Prioridad 3)
068401407,06840,Tres de Febrero,14,07,Ciudadela,-34.655596,-58.530858,1308,905,28,375,69.19,2.14,28.67,263,19.8,Demanda Media (Prioridad 2)
068401008,06840,Tres de Febrero,10,08,Ciudadela,-34.638123,-58.545373,845,486,24,335,57.51,2.84,39.64,178,20.75,Demanda Media (Prioridad 2)
068401009,06840,Tres de Febrero,10,09,Ciudadela,-34.64162,-58.543261,979,665,21,293,67.93,2.15,29.93,170,17.1,Demanda Media (Prioridad 2)
068401010,06840,Tres de Febrero,10,10,Ciudadela,-34.635682,-58.537461,931,625,23,283,67.13,2.47,30.4,238,25.19,Demanda Media (Prioridad 2)
068401011,06840,Tres de Febrero,10,11,Ciudadela,-34.63665,-58.539701,852,586,19,247,68.78,2.23,28.99,189,21.85,Demanda Media (Prioridad 2)
068401412,06840,Tres de Febrero,14,12,Ciudadela,-34.637467,-58.545094,675,445,15,215,65.93,2.22,31.85,135,19.71,Demanda Media (Prioridad 2)
068401113,06840,Tres de Febrero,11,13,Ciudadela,-34.62741,-58.527841,748,525,19,204,70.19,2.54,27.27,168,22.13,Demanda Media (Prioridad 2)
068401114,06840,Tres de Febrero,11,14,Ciudadela,-34.630118,-58.533902,1116,705,26,385,63.17,2.33,34.5,184,16.24,Demanda Media (Prioridad 2)
068401015,06840,Tres de Febrero,10,15,Ciudadela,-34.618566,-58.532946,964,631,31,302,65.46,3.22,31.33,193,19.71,Demanda Media (Prioridad 2)
068401301,06840,Tres de Febrero,13,01,Ciudadela,-34.62347,-58.540052,1125,682,23,420,60.62,2.04,37.33,257,22.5,Demanda Media (Prioridad 2)
068401002,06840,Tres de Febrero,10,02,Ciudadela,-34.625812,-58.537776,760,562,18,180,73.95,2.37,23.68,139,18.03,Baja Demanda Pública (Prioridad 3)
068401003,06840,Tres de Febrero,10,03,Ciudadela,-34.637698,-58.536588,1139,787,27,325,69.1,2.37,28.53,264,22.84,Demanda Media (Prioridad 2)
068401601,06840,Tres de Febrero,16,01,Loma Hermosa,-34.572647,-58.562886,1107,705,25,377,63.69,2.26,34.06,175,15.57,Demanda Media (Prioridad 2)
068401502,06840,Tres de Febrero,15,02,Loma Hermosa,-34.570207,-58.562909,663,427,13,223,64.4,1.96,33.63,135,20.06,Demanda Media (Prioridad 2)
068401603,06840,Tres de Febrero,16,03,Loma Hermosa,-34.567609,-58.57008,415,261,8,146,62.89,1.93,35.18,78,18.53,Demanda Media (Prioridad 2)
068401604,06840,Tres de Febrero,16,04,Loma Hermosa,-34.575546,-58.575297,1114,627,32,455,56.28,2.87,40.84,219,19.36,Alta Demanda Pública (Prioridad 1)
068401605,06840,Tres de Febrero,16,05,Loma Hermosa,-34.57116,-58.581551,356,203,13,140,57.02,3.65,39.33,60,16.62,Demanda Media (Prioridad 2)
068401606,06840,Tres de Febrero,16,06,Loma Hermosa,-34.581291,-58.586672,1186,752,26,408,63.41,2.19,34.4,256,21.26,Demanda Media (Prioridad 2)
068401607,06840,Tres de Febrero,16,07,Loma Hermosa,-34.559184,-58.574641,806,424,21,361,52.61,2.61,44.79,145,17.73,Alta Demanda Pública (Prioridad 1)
068401508,06840,Tres de Febrero,15,08,Loma Hermosa,-34.580671,-58.587748,822,466,19,337,56.69,2.31,41.0,156,18.71,Alta Demanda Pública (Prioridad 1)
068401509,06840,Tres de Febrero,15,09,Loma Hermosa,-34.568676,-58.577892,955,578,32,345,60.52,3.35,36.13,198,20.43,Demanda Media (Prioridad 2)
068401610,06840,Tres de Febrero,16,10,Loma Hermosa,-34.567176,-58.584713,1094,646,30,418,59.05,2.74,38.21,203,18.29,Demanda Media (Prioridad 2)
068401611,06840,Tres de Febrero,16,11,Loma Hermosa,-34.568798,-58.582609,916,568,33,315,62.01,3.6,34.39,198,21.29,Demanda Media (Prioridad 2)
068401612,06840,Tres de Febrero,16,12,Loma Hermosa,-34.553675,-58.585053,899,557,31,311,61.96,3.45,34.59,166,18.18,Demanda Media (Prioridad 2)
068401613,06840,Tres de Febrero,16,13,Loma Hermosa,-34.56668,-58.583418,958,530,33,395,55.32,3.44,41.23,231,23.77,Alta Demanda Pública (Prioridad 1)
068401514,06840,Tres de Febrero,15,14,Loma Hermosa,-34.564981,-58.576278,1165,668,37,460,57.34,3.18,39.48,225,19.02,Demanda Media (Prioridad 2)
068401615,06840,Tres de Febrero,16,15,Loma Hermosa,-34.579492,-58.581463,894,497,20,377,55.59,2.24,42.17,126,13.89,Alta Demanda Pública (Prioridad 1)
068401601,06840,Tres de Febrero,16,01,Loma Hermosa,-34.552899,-58.579164,1206,743,31,432,61.61,2.57,35.82,268,21.9,Demanda Media (Prioridad 2)
068401502,06840,Tres de Febrero,15,02,Loma Hermosa,-34.576199,-58.588548,978,620,25,333,63.39,2.56,34.05,186,18.73,Demanda Media (Prioridad 2)
068401503,06840,Tres de Febrero,15,03,Loma Hermosa,-34.570348,-58.570215,1113,593,36,484,53.28,3.23,43.49,240,21.24,Alta Demanda Pública (Prioridad 1)
068401504,06840,Tres de Febrero,15,04,Loma Hermosa,-34.579842,-58.588918,1052,636,31,385,60.46,2.95,36.6,286,26.78,Demanda Media (Prioridad 2)
068401605,06840,Tres de Febrero,16,05,Loma Hermosa,-34.563263,-58.579059,794,464,23,307,58.44,2.9,38.66,142,17.62,Demanda Media (Prioridad 2)
068401701,06840,Tres de Febrero,17,01,Martín Coronado,-34.579309,-58.572733,835,637,8,190,76.29,0.96,22.75,193,22.76,Baja Demanda Pública (Prioridad 3)
068401802,06840,Tres de Febrero,18,02,Martín Coronado,-34.586624,-58.579812,1113,880,17,216,79.07,1.53,19.41,317,28.05,Baja Demanda Pública (Prioridad 3)
068401803,06840,Tres de Febrero,18,03,Martín Coronado,-34.593484,-58.604077,986,719,18,249,72.92,1.83,25.25,199,19.88,Baja Demanda Pública (Prioridad 3)
068401804,06840,Tres de Febrero,18,04,Martín Coronado,-34.591259,-58.591325,1456,1092,20,344,75.0,1.37,23.63,362,24.49,Baja Demanda Pública (Prioridad 3)
068401705,06840,Tres de Febrero,17,05,Martín Coronado,-34.58797,-58.586856,1037,752,20,265,72.52,1.93,25.55,190,18.04,Baja Demanda Pública (Prioridad 3)
068401706,06840,Tres de Febrero,17,06,Martín Coronado,-34.582353,-58.599622,1121,781,25,315,69.67,2.23,28.1,248,21.79,Demanda Media (Prioridad 2)
068401807,06840,Tres de Febrero,18,07,Martín Coronado,-34.579364,-58.585685,920,691,25,204,75.11,2.72,22.17,224,23.98,Baja Demanda Pública (Prioridad 3)
068401708,06840,Tres de Febrero,17,08,Martín Coronado,-34.587117,-58.58596,858,605,13,240,70.51,1.52,27.97,176,20.21,Demanda Media (Prioridad 2)
068401709,06840,Tres de Febrero,17,09,Martín Coronado,-34.578011,-58.586507,1202,906,29,267,75.37,2.41,22.21,293,24.02,Baja Demanda Pública (Prioridad 3)
068401810,06840,Tres de Febrero,18,10,Martín Coronado,-34.58934,-58.585217,905,667,17,221,73.7,1.88,24.42,192,20.89,Baja Demanda Pública (Prioridad 3)
068401711,06840,Tres de Febrero,17,11,Martín Coronado,-34.591497,-58.588351,1271,960,25,286,75.53,1.97,22.5,278,21.55,Baja Demanda Pública (Prioridad 3)
068401812,06840,Tres de Febrero,18,12,Martín Coronado,-34.585472,-58.585912,726,554,9,163,76.31,1.24,22.45,163,22.12,Baja Demanda Pública (Prioridad 3)
068401813,06840,Tres de Febrero,18,13,Martín Coronado,-34.589642,-58.588338,1156,932,25,199,80.62,2.16,17.21,274,23.36,Baja Demanda Pública (Prioridad 3)
068401714,06840,Tres de Febrero,17,14,Martín Coronado,-34.585943,-58.581438,888,716,16,156,80.63,1.8,17.57,202,22.42,Baja Demanda Pública (Prioridad 3)
068401715,06840,Tres de Febrero,17,15,Martín Coronado,-34.581779,-58.58897,741,606,10,125,81.78,1.35,16.87,161,21.41,Baja Demanda Pública (Prioridad 3)
068401701,06840,Tres de Febrero,17,01,Martín Coronado,-34.587073,-58.573633,1376,991,19,366,72.02,1.38,26.6,293,20.97,Demanda Media (Prioridad 2)
068401802,06840,Tres de Febrero,18,02,Martín Coronado,-34.59181,-58.591374,1066,823,21,222,77.2,1.97,20.83,195,18.02,Baja Demanda Pública (Prioridad 3)
068401703,06840,Tres de Febrero,17,03,Martín Coronado,-34.586568,-58.569793,825,646,6,173,78.3,0.73,20.97,216,25.81,Baja Demanda Pública (Prioridad 3)
068401804,06840,Tres de Febrero,18,04,Martín Coronado,-34.584358,-58.591407,711,535,9,167,75.25,1.27,23.49,167,23.13,Baja Demanda Pública (Prioridad 3)
068401705,06840,Tres de Febrero,17,05,Martín Coronado,-34.578067,-58.579835,1066,862,17,187,80.86,1.59,17.54,213,19.69,Baja Demanda Pública (Prioridad 3)
068401706,06840,Tres de Febrero,17,06,Martín Coronado,-34.574268,-58.588481,831,659,11,161,79.3,1.32,19.37,168,19.91,Baja Demanda Pública (Prioridad 3)
068402101,06840,Tres de Febrero,21,01,Villa Bosch,-34.576431,-58.572501,1122,907,19,196,80.84,1.69,17.47,264,23.18,Baja Demanda Pública (Prioridad 3)
068401902,06840,Tres de Febrero,19,02,Villa Bosch,-34.584878,-58.576756,1029,812,24,193,78.91,2.33,18.76,241,23.08,Baja Demanda Pública (Prioridad 3)
068401903,06840,Tres de Febrero,19,03,Villa Bosch,-34.578737,-58.590674,1158,853,30,275,73.66,2.59,23.75,190,16.17,Baja Demanda Pública (Prioridad 3)
068402004,06840,Tres de Febrero,20,04,Villa Bosch,-34.580487,-58.573894,1077,888,14,175,82.45,1.3,16.25,194,17.75,Baja Demanda Pública (Prioridad 3)
068402005,06840,Tres de Febrero,20,05,Villa Bosch,-34.586516,-58.57844,803,662,11,130,82.44,1.37,16.19,187,22.94,Baja Demanda Pública (Prioridad 3)
068402006,06840,Tres de Febrero,20,06,Villa Bosch,-34.57819,-58.566427,718,581,5,132,80.92,0.7,18.38,164,22.5,Baja Demanda Pública (Prioridad 3)
068401907,06840,Tres de Febrero,19,07,Villa Bosch,-34.586259,-58.568969,1024,805,11,208,78.61,1.07,20.31,270,25.99,Baja Demanda Pública (Prioridad 3)
068402108,06840,Tres de Febrero,21,08,Villa Bosch,-34.585033,-58.570644,1130,870,13,247,76.99,1.15,21.86,240,20.92,Baja Demanda Pública (Prioridad 3)
068402009,06840,Tres de Febrero,20,09,Villa Bosch,-34.579101,-58.571043,883,682,23,178,77.24,2.6,20.16,218,24.33,Baja Demanda Pública (Prioridad 3)
068401910,06840,Tres de Febrero,19,10,Villa Bosch,-34.589958,-58.567901,1118,998,17,103,89.27,1.52,9.21,233,20.53,Baja Demanda Pública (Prioridad 3)
068401911,06840,Tres de Febrero,19,11,Villa Bosch,-34.587946,-58.586501,874,662,9,203,75.74,1.03,23.23,225,25.37,Baja Demanda Pública (Prioridad 3)
068402012,06840,Tres de Febrero,20,12,Villa Bosch,-34.589523,-58.575189,1089,803,19,267,73.74,1.74,24.52,249,22.53,Baja Demanda Pública (Prioridad 3)
068402013,06840,Tres de Febrero,20,13,Villa Bosch,-34.596992,-58.586489,988,726,13,249,73.48,1.32,25.2,217,21.64,Baja Demanda Pública (Prioridad 3)
068402114,06840,Tres de Febrero,21,14,Villa Bosch,-34.581523,-58.568259,964,864,10,90,89.63,1.04,9.34,198,20.25,Baja Demanda Pública (Prioridad 3)
068401915,06840,Tres de Febrero,19,15,Villa Bosch,-34.57663,-58.583253,1019,814,11,194,79.88,1.08,19.04,200,19.34,Baja Demanda Pública (Prioridad 3)
068402001,06840,Tres de Febrero,20,01,Villa Bosch,-34.591,-58.579489,1094,910,20,164,83.18,1.83,14.99,263,23.69,Baja Demanda Pública (Prioridad 3)
068402002,06840,Tres de Febrero,20,02,Villa Bosch,-34.586191,-58.583122,1059,859,21,179,81.11,1.98,16.9,173,16.09,Baja Demanda Pública (Prioridad 3)
068402003,06840,Tres de Febrero,20,03,Villa Bosch,-34.577751,-58.57605,914,717,9,188,78.45,0.98,20.57,197,21.23,Baja Demanda Pública (Prioridad 3)
068402004,06840,Tres de Febrero,20,04,Villa Bosch,-34.589621,-58.583697,1186,1034,12,140,87.18,1.01,11.8,284,23.59,Baja Demanda Pública (Prioridad 3)
068401905,06840,Tres de Febrero,19,05,Villa Bosch,-34.589998,-58.564085,1470,1284,13,173,87.35,0.88,11.77,305,20.44,Baja Demanda Pública (Prioridad 3)
068401906,06840,Tres de Febrero,19,06,Villa Bosch,-34.579957,-58.56617,590,497,4,89,84.24,0.68,15.08,142,23.71,Baja Demanda Pública (Prioridad 3)
068402007,06840,Tres de Febrero,20,07,Villa Bosch,-34.58036,-58.571846,851,662,13,176,77.79,1.53,20.68,175,20.25,Baja Demanda Pública (Prioridad 3)
068401908,06840,Tres de Febrero,19,08,Villa Bosch,-34.580164,-58.575819,1030,807,11,212,78.35,1.07,20.58,183,17.5,Baja Demanda Pública (Prioridad 3)
068401909,06840,Tres de Febrero,19,09,Villa Bosch,-34.579126,-58.565025,901,713,4,184,79.13,0.44,20.42,156,17.05,Baja Demanda Pública (Prioridad 3)
068402010,06840,Tres de Febrero,20,10,Villa Bosch,-34.571024,-58.581041,1059,846,16,197,79.89,1.51,18.6,225,20.93,Baja Demanda Pública (Prioridad 3)
068402011,06840,Tres de Febrero,20,11,Villa Bosch,-34.592704,-58.563601,1212,983,24,205,81.11,1.98,16.91,329,26.75,Baja Demanda Pública (Prioridad 3)
068401912,06840,Tres de Febrero,19,12,Villa Bosch,-34.590621,-58.573799,1063,842,18,203,79.21,1.69,19.1,233,21.59,Baja Demanda Pública (Prioridad 3)
068402201,06840,Tres de Febrero,22,01,Pablo Podestá,-34.58355,-58.595536,963,558,23,382,57.94,2.39,39.67,189,19.34,Alta Demanda Pública (Prioridad 1)
068402302,06840,Tres de Febrero,23,02,Pablo Podestá,-34.567546,-58.612215,927,564,33,330,60.84,3.56,35.6,191,20.3,Demanda Media (Prioridad 2)
068402203,06840,Tres de Febrero,22,03,Pablo Podestá,-34.573747,-58.594324,720,412,19,289,57.22,2.64,40.14,151,20.66,Alta Demanda Pública (Prioridad 1)
068402304,06840,Tres de Febrero,23,04,Pablo Podestá,-34.588285,-58.605571,999,574,26,399,57.46,2.6,39.94,176,17.36,Alta Demanda Pública (Prioridad 1)
068402305,06840,Tres de Febrero,23,05,Pablo Podestá,-34.570573,-58.600081,927,493,30,404,53.18,3.24,43.58,245,26.04,Alta Demanda Pública (Prioridad 1)
068402206,06840,Tres de Febrero,22,06,Pablo Podestá,-34.582749,-58.609132,720,394,20,306,54.72,2.78,42.5,149,20.38,Alta Demanda Pública (Prioridad 1)
068402207,06840,Tres de Febrero,22,07,Pablo Podestá,-34.572282,-58.604735,781,467,14,300,59.8,1.79,38.41,116,14.63,Demanda Media (Prioridad 2)
068402208,06840,Tres de Febrero,22,08,Pablo Podestá,-34.570043,-58.6126,648,373,13,262,57.56,2.01,40.43,117,17.78,Alta Demanda Pública (Prioridad 1)
068402309,06840,Tres de Febrero,23,09,Pablo Podestá,-34.582429,-58.602731,1000,506,32,462,50.6,3.2,46.2,212,20.89,Alta Demanda Pública (Prioridad 1)
068402210,06840,Tres de Febrero,22,10,Pablo Podestá,-34.576383,-58.594086,1000,533,27,440,53.3,2.7,44.0,233,22.96,Alta Demanda Pública (Prioridad 1)
068402311,06840,Tres de Febrero,23,11,Pablo Podestá,-34.578636,-58.600148,963,547,29,387,56.8,3.01,40.19,152,15.56,Alta Demanda Pública (Prioridad 1)
068402312,06840,Tres de Febrero,23,12,Pablo Podestá,-34.572037,-58.60053,1078,599,37,442,55.57,3.43,41.0,165,15.08,Alta Demanda Pública (Prioridad 1)
068402213,06840,Tres de Febrero,22,13,Pablo Podestá,-34.570129,-58.600607,640,406,14,220,63.44,2.19,34.38,115,17.69,Demanda Media (Prioridad 2)
068402214,06840,Tres de Febrero,22,14,Pablo Podestá,-34.576271,-58.60305,898,489,24,385,54.45,2.67,42.87,240,26.32,Alta Demanda Pública (Prioridad 1)
068402215,06840,Tres de Febrero,22,15,Pablo Podestá,-34.564298,-58.598784,1069,555,35,479,51.92,3.27,44.81,177,16.31,Alta Demanda Pública (Prioridad 1)
068402301,06840,Tres de Febrero,23,01,Pablo Podestá,-34.571788,-58.60014,1104,693,32,379,62.77,2.9,34.33,188,16.77,Demanda Media (Prioridad 2)
068402302,06840,Tres de Febrero,23,02,Pablo Podestá,-34.57715,-58.600228,1030,567,28,435,55.05,2.72,42.23,218,20.86,Alta Demanda Pública (Prioridad 1)
068402501,06840,Tres de Febrero,25,01,Ciudad Jardín Lomas del Palomar,-34.611791,-58.585213,1329,1163,4,162,87.51,0.3,12.19,304,22.54,Baja Demanda Pública (Prioridad 3)
068402402,06840,Tres de Febrero,24,02,Ciudad Jardín Lomas del Palomar,-34.603288,-58.587487,940,816,4,120,86.81,0.43,12.77,205,21.49,Baja Demanda Pública (Prioridad 3)
068402403,06840,Tres de Febrero,24,03,Ciudad Jardín Lomas del Palomar,-34.59427,-58.581894,927,845,7,75,91.15,0.76,8.09,194,20.62,Baja Demanda Pública (Prioridad 3)
068402504,06840,Tres de Febrero,25,04,Ciudad Jardín Lomas del Palomar,-34.610292,-58.598538,1079,934,11,134,86.56,1.02,12.42,254,23.2,Baja Demanda Pública (Prioridad 3)
068402405,06840,Tres de Febrero,24,05,Ciudad Jardín Lomas del Palomar,-34.599293,-58.584405,749,688,2,59,91.86,0.27,7.88,140,18.42,Baja Demanda Pública (Prioridad 3)
068402506,06840,Tres de Febrero,25,06,Ciudad Jardín Lomas del Palomar,-34.600886,-58.602387,684,540,9,135,78.95,1.32,19.74,151,21.76,Baja Demanda Pública (Prioridad 3)
068402507,06840,Tres de Febrero,25,07,Ciudad Jardín Lomas del Palomar,-34.591227,-58.59445,1110,1037,7,66,93.42,0.63,5.95,247,21.92,Baja Demanda Pública (Prioridad 3)
068402408,06840,Tres de Febrero,24,08,Ciudad Jardín Lomas del Palomar,-34.59761,-58.580358,1038,857,3,178,82.56,0.29,17.15,288,27.32,Baja Demanda Pública (Prioridad 3)
068402409,06840,Tres de Febrero,24,09,Ciudad Jardín Lomas del Palomar,-34.608077,-58.598087,806,671,11,124,83.25,1.36,15.38,237,28.97,Baja Demanda Pública (Prioridad 3)
068402510,06840,Tres de Febrero,25,10,Ciudad Jardín Lomas del Palomar,-34.596574,-58.5909,1124,926,9,189,82.38,0.8,16.81,236,20.68,Baja Demanda Pública (Prioridad 3)
068402411,06840,Tres de Febrero,24,11,Ciudad Jardín Lomas del Palomar,-34.603369,-58.581432,882,752,11,119,85.26,1.25,13.49,249,27.82,Baja Demanda Pública (Prioridad 3)
068402512,06840,Tres de Febrero,25,12,Ciudad Jardín Lomas del Palomar,-34.604371,-58.587569,1297,1203,6,88,92.75,0.46,6.78,310,23.54,Baja Demanda Pública (Prioridad 3)
068402513,06840,Tres de Febrero,25,13,Ciudad Jardín Lomas del Palomar,-34.607655,-58.581449,910,828,5,77,90.99,0.55,8.46,222,24.03,Baja Demanda Pública (Prioridad 3)
068402414,06840,Tres de Febrero,24,14,Ciudad Jardín Lomas del Palomar,-34.618019,-58.582066,1241,1104,8,129,88.96,0.64,10.39,342,27.14,Baja Demanda Pública (Prioridad 3)
068402415,06840,Tres de Febrero,24,15,Ciudad Jardín Lomas del Palomar,-34.604575,-58.5959,1105,1012,4,89,91.58,0.36,8.05,293,26.11,Baja Demanda Pública (Prioridad 3)
068402501,06840,Tres de Febrero,25,01,Ciudad Jardín Lomas del Palomar,-34.608166,-58.580068,858,727,12,119,84.73,1.4,13.87,223,25.6,Baja Demanda Pública (Prioridad 3)
068402402,06840,Tres de Febrero,24,02,Ciudad Jardín Lomas del Palomar,-34.58674,-58.587561,640,556,7,77,86.88,1.09,12.03,161,24.77,Baja Demanda Pública (Prioridad 3)
068402503,06840,Tres de Febrero,25,03,Ciudad Jardín Lomas del Palomar,-34.606577,-58.602733,1164,1080,12,72,92.78,1.03,6.19,276,23.35,Baja Demanda Pública (Prioridad 3)
068402701,06840,Tres de Febrero,27,01,Santos Lugares,-34.595541,-58.555043,810,628,6,176,77.53,0.74,21.73,144,17.52,Baja Demanda Pública (Prioridad 3)
068402702,06840,Tres de Febrero,27,02,Santos Lugares,-34.6015,-58.545696,995,846,14,135,85.03,1.41,13.57,202,20.0,Baja Demanda Pública (Prioridad 3)
068402703,06840,Tres de Febrero,27,03,Santos Lugares,-34.609627,-58.536655,652,524,3,125,80.37,0.46,19.17,119,17.98,Baja Demanda Pública (Prioridad 3)
068402704,06840,Tres de Febrero,27,04,Santos Lugares,-34.600674,-58.539721,1150,1000,18,132,86.96,1.57,11.48,332,28.45,Baja Demanda Pública (Prioridad 3)
068402705,06840,Tres de Febrero,27,05,Santos Lugares,-34.596858,-58.541757,389,277,8,104,71.21,2.06,26.74,100,25.32,Baja Demanda Pública (Prioridad 3)
068402706,06840,Tres de Febrero,27,06,Santos Lugares,-34.608975,-58.529183,809,648,13,148,80.1,1.61,18.29,222,27.04,Baja Demanda Pública (Prioridad 3)
068402607,06840,Tres de Febrero,26,07,Santos Lugares,-34.603379,-58.534158,898,722,9,167,80.4,1.0,18.6,167,18.31,Baja Demanda Pública (Prioridad 3)
068402708,06840,Tres de Febrero,27,08,Santos Lugares,-34.60428,-58.547048,835,701,5,129,83.95,0.6,15.45,233,27.48,Baja Demanda Pública (Prioridad 3)
068402709,06840,Tres de Febrero,27,09,Santos Lugares,-34.592151,-58.541135,1124,906,14,204,80.6,1.25,18.15,258,22.61,Baja Demanda Pública (Prioridad 3)
068402710,06840,Tres de Febrero,27,10,Santos Lugares,-34.610407,-58.539985,766,593,3,170,77.42,0.39,22.19,168,21.59,Baja Demanda Pública (Prioridad 3)
068402711,06840,Tres de Febrero,27,11,Santos Lugares,-34.595331,-58.549863,1019,763,9,247,74.88,0.88,24.24,214,20.7,Baja Demanda Pública (Prioridad 3)
068402712,06840,Tres de Febrero,27,12,Santos Lugares,-34.593384,-58.533573,873,701,11,161,80.3,1.26,18.44,184,20.77,Baja Demanda Pública (Prioridad 3)
068402713,06840,Tres de Febrero,27,13,Santos Lugares,-34.598079,-58.541201,1145,928,17,200,81.05,1.48,17.47,262,22.55,Baja Demanda Pública (Prioridad 3)
068402714,06840,Tres de Febrero,27,14,Santos Lugares,-34.587232,-58.5412,850,692,20,138,81.41,2.35,16.24,228,26.42,Baja Demanda Pública (Prioridad 3)
068402615,06840,Tres de Febrero,26,15,Santos Lugares,-34.615598,-58.545642,478,428,3,47,89.54,0.63,9.83,104,21.44,Baja Demanda Pública (Prioridad 3)
068402701,06840,Tres de Febrero,27,01,Santos Lugares,-34.61067,-58.544752,900,765,15,120,85.0,1.67,13.33,224,24.51,Baja Demanda Pública (Prioridad 3)
068402602,06840,Tres de Febrero,26,02,Santos Lugares,-34.604891,-58.526298,1194,948,12,234,79.4,1.01,19.6,313,25.83,Baja Demanda Pública (Prioridad 3)
068402703,06840,Tres de Febrero,27,03,Santos Lugares,-34.608836,-58.552194,691,527,10,154,76.27,1.45,22.29,135,19.26,Baja Demanda Pública (Prioridad 3)
068402704,06840,Tres de Febrero,27,04,Santos Lugares,-34.61352,-58.540278,676,539,8,129,79.73,1.18,19.08,136,19.83,Baja Demanda Pública (Prioridad 3)
068402705,06840,Tres de Febrero,27,05,Santos Lugares,-34.6106,-58.548354,1043,780,16,247,74.78,1.53,23.68,229,21.62,Baja Demanda Pública (Prioridad 3)
068402706,06840,Tres de Febrero,27,06,Santos Lugares,-34.604122,-58.531183,1034,845,9,180,81.72,0.87,17.41,240,22.86,Baja Demanda Pública (Prioridad 3)
068402607,06840,Tres de Febrero,26,07,Santos Lugares,-34.611317,-58.536417,1014,815,13,186,80.37,1.28,18.34,203,19.73,Baja Demanda Pública (Prioridad 3)
068402708,06840,Tres de Febrero,27,08,Santos Lugares,-34.591948,-58.529196,884,678,25,181,76.7,2.83,20.48,229,25.53,Baja Demanda Pública (Prioridad 3)
068402609,06840,Tres de Febrero,26,09,Santos Lugares,-34.612028,-58.540986,995,837,18,140,84.12,1.81,14.07,231,22.87,Baja Demanda Pública (Prioridad 3)
068402710,06840,Tres de Febrero,27,10,Santos Lugares,-34.606019,-58.538286,1182,919,26,237,77.75,2.2,20.05,287,23.92,Baja Demanda Pública (Prioridad 3)
068402611,06840,Tres de Febrero,26,11,Santos Lugares,-34.604192,-58.556929,757,604,9,144,79.79,1.19,19.02,167,21.74,Baja Demanda Pública (Prioridad 3)
068402801,06840,Tres de Febrero,28,01,Sáenz Peña,-34.614765,-58.53195,920,725,19,176,78.8,2.07,19.13,229,24.52,Baja Demanda Pública (Prioridad 3)
068402802,06840,Tres de Febrero,28,02,Sáenz Peña,-34.597413,-58.519389,511,383,2,126,74.95,0.39,24.66,95,18.3,Baja Demanda Pública (Prioridad 3)
068402803,06840,Tres de Febrero,28,03,Sáenz Peña,-34.600822,-58.505651,1125,822,24,279,73.07,2.13,24.8,252,22.07,Baja Demanda Pública (Prioridad 3)
068402804,06840,Tres de Febrero,28,04,Sáenz Peña,-34.616528,-58.518143,1232,1053,23,156,85.47,1.87,12.66,241,19.26,Baja Demanda Pública (Prioridad 3)
068402805,06840,Tres de Febrero,28,05,Sáenz Peña,-34.592151,-58.529213,1064,897,21,146,84.3,1.97,13.72,234,21.67,Baja Demanda Pública (Prioridad 3)
068402806,06840,Tres de Febrero,28,06,Sáenz Peña,-34.595166,-58.527401,1023,816,25,182,79.77,2.44,17.79,239,23.03,Baja Demanda Pública (Prioridad 3)
068402807,06840,Tres de Febrero,28,07,Sáenz Peña,-34.593696,-58.531155,954,761,10,183,79.77,1.05,19.18,209,21.59,Baja Demanda Pública (Prioridad 3)
068402808,06840,Tres de Febrero,28,08,Sáenz Peña,-34.599861,-58.523953,542,421,12,109,77.68,2.21,20.11,100,18.18,Baja Demanda Pública (Prioridad 3)
068402809,06840,Tres de Febrero,28,09,Sáenz Peña,-34.598344,-58.538533,890,746,9,135,83.82,1.01,15.17,217,24.03,Baja Demanda Pública (Prioridad 3)
068402810,06840,Tres de Febrero,28,10,Sáenz Peña,-34.603168,-58.533446,709,594,12,103,83.78,1.69,14.53,186,25.83,Baja Demanda Pública (Prioridad 3)
068402811,06840,Tres de Febrero,28,11,Sáenz Peña,-34.595971,-58.525524,1042,776,17,249,74.47,1.63,23.9,197,18.62,Baja Demanda Pública (Prioridad 3)
068402812,06840,Tres de Febrero,28,12,Sáenz Peña,-34.593161,-58.536783,372,277,4,91,74.46,1.08,24.46,97,25.66,Baja Demanda Pública (Prioridad 3)
068402813,06840,Tres de Febrero,28,13,Sáenz Peña,-34.616153,-58.536988,845,676,17,152,80.0,2.01,17.99,172,20.05,Baja Demanda Pública (Prioridad 3)
068402901,06840,Tres de Febrero,29,01,José Ingenieros,-34.61645,-58.541015,831,631,12,188,75.93,1.44,22.62,225,26.69,Baja Demanda Pública (Prioridad 3)
068402902,06840,Tres de Febrero,29,02,José Ingenieros,-34.612619,-58.521747,862,577,11,274,66.94,1.28,31.79,160,18.29,Demanda Media (Prioridad 2)
068402903,06840,Tres de Febrero,29,03,José Ingenieros,-34.61109,-58.529379,998,673,15,310,67.43,1.5,31.06,261,25.77,Demanda Media (Prioridad 2)
068402904,06840,Tres de Febrero,29,04,José Ingenieros,-34.626594,-58.533945,994,742,26,226,74.65,2.62,22.74,181,17.94,Baja Demanda Pública (Prioridad 3)
068402905,06840,Tres de Febrero,29,05,José Ingenieros,-34.621768,-58.511981,744,589,14,141,79.17,1.88,18.95,151,20.0,Baja Demanda Pública (Prioridad 3)
068402906,06840,Tres de Febrero,29,06,José Ingenieros,-34.614344,-58.514497,930,575,24,331,61.83,2.58,35.59,211,22.35,Demanda Media (Prioridad 2)
068402907,06840,Tres de Febrero,29,07,José Ingenieros,-34.612029,-58.531012,889,688,11,190,77.39,1.24,21.37,172,19.07,Baja Demanda Pública (Prioridad 3)
068402908,06840,Tres de Febrero,29,08,José Ingenieros,-34.606474,-58.517264,1021,699,28,294,68.46,2.74,28.8,168,16.22,Demanda Media (Prioridad 2)
068402909,06840,Tres de Febrero,29,09,José Ingenieros,-34.609712,-58.534638,891,603,11,277,67.68,1.23,31.09,223,24.67,Demanda Media (Prioridad 2)
068403001,06840,Tres de Febrero,30,01,Villa Raffo,-34.611689,-58.526267,672,516,15,141,76.79,2.23,20.98,148,21.7,Baja Demanda Pública (Prioridad 3)
068403002,06840,Tres de Febrero,30,02,Villa Raffo,-34.604479,-58.525599,862,641,14,207,74.36,1.62,24.01,157,17.94,Baja Demanda Pública (Prioridad 3)
068403003,06840,Tres de Febrero,30,03,Villa Raffo,-34.600563,-58.539455,1013,738,17,258,72.85,1.68,25.47,218,21.21,Baja Demanda Pública (Prioridad 3)
068403004,06840,Tres de Febrero,30,04,Villa Raffo,-34.605652,-58.524755,1350,1009,30,311,74.74,2.22,23.04,296,21.61,Baja Demanda Pública (Prioridad 3)
068403005,06840,Tres de Febrero,30,05,Villa Raffo,-34.617566,-58.520516,917,746,14,157,81.35,1.53,17.12,162,17.4,Baja Demanda Pública (Prioridad 3)
068403006,06840,Tres de Febrero,30,06,Villa Raffo,-34.606803,-58.525712,762,594,11,157,77.95,1.44,20.6,188,24.32,Baja Demanda Pública (Prioridad 3)
068403007,06840,Tres de Febrero,30,07,Villa Raffo,-34.609036,-58.522836,861,628,15,218,72.94,1.74,25.32,158,18.08,Baja Demanda Pública (Prioridad 3)
068403008,06840,Tres de Febrero,30,08,Villa Raffo,-34.615442,-58.537209,1057,796,15,246,75.31,1.42,23.27,191,17.8,Baja Demanda Pública (Prioridad 3)
068403009,06840,Tres de Febrero,30,09,Villa Raffo,-34.598459,-58.525686,1047,815,16,216,77.84,1.53,20.63,226,21.26,Baja Demanda Pública (Prioridad 3)
068403101,06840,Tres de Febrero,31,01,Remedios de Escalada de San Martín,-34.555202,-58.597839,969,525,31,413,54.18,3.2,42.62,171,17.38,Alta Demanda Pública (Prioridad 1)
068403102,06840,Tres de Febrero,31,02,Remedios de Escalada de San Martín,-34.573329,-58.602905,891,518,29,344,58.14,3.25,38.61,161,17.81,Demanda Media (Prioridad 2)
068403103,06840,Tres de Febrero,31,03,Remedios de Escalada de San Martín,-34.577515,-58.596411,930,546,29,355,58.71,3.12,38.17,178,18.86,Demanda Media (Prioridad 2)
068403104,06840,Tres de Febrero,31,04,Remedios de Escalada de San Martín,-34.566212,-58.592909,1085,541,35,509,49.86,3.23,46.91,167,15.17,Alta Demanda Pública (Prioridad 1)
068403105,06840,Tres de Febrero,31,05,Remedios de Escalada de San Martín,-34.571861,-58.595725,744,410,22,312,55.11,2.96,41.94,172,22.78,Alta Demanda Pública (Prioridad 1)
068403106,06840,Tres de Febrero,31,06,Remedios de Escalada de San Martín,-34.564192,-58.597343,748,419,26,303,56.02,3.48,40.51,160,21.08,Alta Demanda Pública (Prioridad 1)
068403107,06840,Tres de Febrero,31,07,Remedios de Escalada de San Martín,-34.56435,-58.5993,846,535,34,277,63.24,4.02,32.74,159,18.51,Demanda Media (Prioridad 2)
068403108,06840,Tres de Febrero,31,08,Remedios de Escalada de San Martín,-34.564582,-58.603352,1015,655,27,333,64.53,2.66,32.81,201,19.51,Demanda Media (Prioridad 2)
068403109,06840,Tres de Febrero,31,09,Remedios de Escalada de San Martín,-34.56315,-58.59251,899,480,30,389,53.39,3.34,43.27,120,13.14,Alta Demanda Pública (Prioridad 1)
068403110,06840,Tres de Febrero,31,10,Remedios de Escalada de San Martín,-34.584728,-58.583228,874,535,22,317,61.21,2.52,36.27,142,16.01,Demanda Media (Prioridad 2)
068403111,06840,Tres de Febrero,31,11,Remedios de Escalada de San Martín,-34.563236,-58.591997,1253,762,43,448,60.81,3.43,35.75,244,19.18,Demanda Media (Prioridad 2)
068403112,06840,Tres de Febrero,31,12,Remedios de Escalada de San Martín,-34.55926,-58.588941,1056,546,31,479,51.7,2.94,45.36,189,17.63,Alta Demanda Pública (Prioridad 1)
068403113,06840,Tres de Febrero,31,13,Remedios de Escalada de San Martín,-34.575672,-58.587795,663,349,19,295,52.64,2.87,44.49,84,12.48,Alta Demanda Pública (Prioridad 1)
068403114,06840,Tres de Febrero,31,14,Remedios de Escalada de San Martín,-34.563969,-58.609294,1023,623,32,368,60.9,3.13,35.97,206,19.85,Demanda Media (Prioridad 2)
068403115,06840,Tres de Febrero,31,15,Remedios de Escalada de San Martín,-34.56072,-58.59361,877,541,24,312,61.69,2.74,35.58,218,24.49,Demanda Media (Prioridad 2)
068403201,06840,Tres de Febrero,32,01,Churruca,-34.567908,-58.602713,1088,626,40,422,57.54,3.68,38.79,248,22.46,Demanda Media (Prioridad 2)
068403202,06840,Tres de Febrero,32,02,Churruca,-34.572042,-58.594382,560,306,18,236,54.64,3.21,42.14,114,20.07,Alta Demanda Pública (Prioridad 1)
068403203,06840,Tres de Febrero,32,03,Churruca,-34.555039,-58.606609,1096,652,42,402,59.49,3.83,36.68,245,22.03,Demanda Media (Prioridad 2)
068403204,06840,Tres de Febrero,32,04,Churruca,-34.56813,-58.596962,805,441,30,334,54.78,3.73,41.49,175,21.42,Alta Demanda Pública (Prioridad 1)
068403205,06840,Tres de Febrero,32,05,Churruca,-34.559915,-58.58979,1092,601,29,462,55.04,2.66,42.31,243,21.93,Alta Demanda Pública (Prioridad 1)
068403206,06840,Tres de Febrero,32,06,Churruca,-34.560064,-58.601014,1047,504,34,509,48.14,3.25,48.62,201,18.91,Alta Demanda Pública (Prioridad 1)
068403207,06840,Tres de Febrero,32,07,Churruca,-34.56384,-58.605023,1162,595,36,531,51.2,3.1,45.7,216,18.32,Alta Demanda Pública (Prioridad 1)
068403208,06840,Tres de Febrero,32,08,Churruca,-34.560587,-58.589886,1243,717,36,490,57.68,2.9,39.42,235,18.62,Alta Demanda Pública (Prioridad 1)
068403209,06840,Tres de Febrero,32,09,Churruca,-34.571389,-58.58601,1167,673,30,464,57.67,2.57,39.76,253,21.35,Demanda Media (Prioridad 2)
068403210,06840,Tres de Febrero,32,10,Churruca,-34.566536,-58.592367,895,514,33,348,57.43,3.69,38.88,163,17.95,Demanda Media (Prioridad 2)
068403211,06840,Tres de Febrero,32,11,Churruca,-34.563755,-58.599497,721,387,24,310,53.68,3.33,43.0,119,16.26,Alta Demanda Pública (Prioridad 1)
068403201,06840,Tres de Febrero,32,01,El Libertador,-34.563815,-58.592764,635,298,19,318,46.93,2.99,50.08,96,14.88,Alta Demanda Pública (Prioridad 1)
068403202,06840,Tres de Febrero,32,02,El Libertador,-34.566886,-58.58122,933,531,28,374,56.91,3.0,40.09,229,24.18,Alta Demanda Pública (Prioridad 1)
068403203,06840,Tres de Febrero,32,03,El Libertador,-34.577463,-58.602346,928,444,22,462,47.84,2.37,49.78,108,11.46,Alta Demanda Pública (Prioridad 1)
068403204,06840,Tres de Febrero,32,04,El Libertador,-34.559575,-58.58607,429,221,10,198,51.52,2.33,46.15,57,13.1,Alta Demanda Pública (Prioridad 1)
068403205,06840,Tres de Febrero,32,05,El Libertador,-34.562543,-58.578133,1062,605,37,420,56.97,3.48,39.55,221,20.5,Alta Demanda Pública (Prioridad 1)
068403206,06840,Tres de Febrero,32,06,El Libertador,-34.559203,-58.576113,661,353,19,289,53.4,2.87,43.72,154,22.95,Alta Demanda Pública (Prioridad 1)
068403207,06840,Tres de Febrero,32,07,El Libertador,-34.568251,-58.599451,1081,596,32,453,55.13,2.96,41.91,157,14.31,Alta Demanda Pública (Prioridad 1)
068403208,06840,Tres de Febrero,32,08,El Libertador,-34.561737,-58.59912,504,266,15,223,52.78,2.98,44.25,121,23.63,Alta Demanda Pública (Prioridad 1)
068403209,06840,Tres de Febrero,32,09,El Libertador,-34.577497,-58.572984,943,537,31,375,56.95,3.29,39.77,167,17.45,Alta Demanda Pública (Prioridad 1)
068403210,06840,Tres de Febrero,32,10,El Libertador,-34.566307,-58.582975,1092,614,38,440,56.23,3.48,40.29,163,14.71,Alta Demanda Pública (Prioridad 1)
068403211,06840,Tres de Febrero,32,11,El Libertador,-34.569881,-58.595801,761,375,26,360,49.28,3.42,47.31,145,18.78,Alta Demanda Pública (Prioridad 1)
068403212,06840,Tres de Febrero,32,12,El Libertador,-34.561252,-58.594028,345,172,9,164,49.86,2.61,47.54,85,24.29,Alta Demanda Pública (Prioridad 1)
068403213,06840,Tres de Febrero,32,13,El Libertador,-34.557944,-58.59063,875,523,24,328,59.77,2.74,37.49,193,21.73,Demanda Media (Prioridad 2)
068403214,06840,Tres de Febrero,32,14,El Libertador,-34.558987,-58.572119,641,333,25,283,51.95,3.9,44.15,98,15.05,Alta Demanda Pública (Prioridad 1)
068403215,06840,Tres de Febrero,32,15,El Libertador,-34.569874,-58.590873,1113,656,30,427,58.94,2.7,38.36,189,16.73,Demanda Media (Prioridad 2)
068403201,06840,Tres de Febrero,32,01,El Libertador,-34.565079,-58.583311,990,526,32,432,53.13,3.23,43.64,161,16.02,Alta Demanda Pública (Prioridad 1)
068403201,06840,Tres de Febrero,32,01,11 de Septiembre,-34.550883,-58.587927,887,540,26,321,60.88,2.93,36.19,190,21.11,Demanda Media (Prioridad 2)
068403202,06840,Tres de Febrero,32,02,11 de Septiembre,-34.565176,-58.601601,1099,631,36,432,57.42,3.28,39.31,180,16.13,Demanda Media (Prioridad 2)
068403203,06840,Tres de Febrero,32,03,11 de Septiembre,-34.559622,-58.600869,878,552,22,304,62.87,2.51,34.62,125,14.03,Demanda Media (Prioridad 2)
068403204,06840,Tres de Febrero,32,04,11 de Septiembre,-34.563377,-58.593917,1012,614,17,381,60.67,1.68,37.65,205,19.96,Demanda Media (Prioridad 2)
068403205,06840,Tres de Febrero,32,05,11 de Septiembre,-34.571641,-58.59459,1102,601,31,470,54.54,2.81,42.65,197,17.61,Alta Demanda Pública (Prioridad 1)
068403206,06840,Tres de Febrero,32,06,11 de Septiembre,-34.572879,-58.601777,987,607,23,357,61.5,2.33,36.17,177,17.66,Demanda Media (Prioridad 2)
068403207,06840,Tres de Febrero,32,07,11 de Septiembre,-34.570172,-58.577503,1235,790,36,409,63.97,2.91,33.12,205,16.35,Demanda Media (Prioridad 2)
